H is now Hermite,d=,0.65
k,1,2,3,4
error_SVD,0.17670981603844818,0.01175426331682333,1.8924671577369857e-16,1.8924671577369857e-16
error_JF,0.1763184516102702,6.664007500251966e-07,2.2084876237282098e-16,2.2084876237282098e-16
error_jfu,0.17631845161027015,9.67068985780183e-07,1.8474071216110493e-16,1.8474071216110493e-16
